"","Rat","CatLH","PR","Local.Rate_mu","Local.Rate_sigma","Bn_predictions_mu","Bn_predictions_sigma","Demand_predictions_mu","Demand_predictions_sigma","RatLabel"
"1",4,1,3,0.3909776924,0.151656564286358,0.306288823868866,3.92523114670944e-17,177.856815206919,32.3074405220654,"Rat #4"
"2",4,1,6,0.4761574334,0.109988595958346,0.526883997183089,5.55111512312578e-17,152.976377882133,27.7879440490271,"Rat #4"
"3",4,1,9,0.5444507998,0.0913490004488711,0.650483433333984,7.85046229341888e-17,125.908296115496,22.8710650376458,"Rat #4"
"4",4,1,12,0.4734196538,0.0429027359334142,0.700151426883565,5.55111512312578e-17,101.641566100209,18.4630476348727,"Rat #4"
"5",4,1,15,0.5623388444,0.0784376245507365,0.704305902424246,1.11022302462516e-16,81.7957398212105,14.8580811826506,"Rat #4"
"6",4,1,18,0.4815751788,0.0326585883620362,0.684121734266978,7.85046229341888e-17,66.2096815099882,12.02689559509,"Rat #4"
"7",4,1,21,0.7728469614,0.26221050962601,0.652583743617475,7.85046229341888e-17,54.1349290747058,9.83353378509864,"Rat #4"
"8",4,1,24,0.5916081418,0.365205283824421,0.616909843734156,7.85046229341888e-17,44.778658053212,8.13398030336354,"Rat #4"
"9",4,1,27,0.511162449,0.10839209038704,0.580863695105089,5.55111512312578e-17,37.4775407428822,6.80774260494487,"Rat #4"
"10",4,1,30,0.4722704108,0.139876940144211,0.546283285979499,7.85046229341888e-17,31.7217599446862,5.76221311213672,"Rat #4"
"11",4,1,33,0.5370658396,0.0901778105624875,0.513972682713115,5.55111512312578e-17,27.1323064218298,4.92854532973565,"Rat #4"
"12",4,1,36,0.5720579508,0.318827795024033,0.484195976620703,5.55111512312578e-17,23.4303778075582,4.25609519965001,"Rat #4"
"13",4,1,39,0.5570307612,0.118600310761833,0.456944670656555,6.79869977755259e-17,20.410781115827,3.70758970434337,"Rat #4"
"14",4,1,42,0.5537864598,0.319162921985084,0.432080664877497,7.85046229341888e-17,17.921574339282,3.25542879171942,"Rat #4"
"15",4,1,45,0.6169598186,0.29510438324031,0.409411849604239,4.80740671595891e-17,15.8492425022903,2.87899262598859,"Rat #4"
"16",4,1,48,0.4596297624,0.403909863384498,0.388731335664856,6.20633538311818e-17,14.1081129853117,2.56271889621582,"Rat #4"
"17",4,1,51,0.3979188002,0.238783127926898,0.369837094793438,2.77555756156289e-17,12.6328374702923,2.29473717226727,"Rat #4"
"18",4,1,54,0.52206459575,0.353490128597631,0.352541085967868,6.40987562127855e-17,11.8927776789672,1.9722397787619,"Rat #4"
"19",4,1,57,0.25004700775,0.103436282365095,0.336672796469559,6.40987562127855e-17,10.7597081827498,1.78433710430985,"Rat #4"
"20",4,1,60,0.229069709666667,0.105580588205208,0.322079882667678,5.55111512312578e-17,10.144925824247,1.77192900539399,"Rat #4"
"21",4,1,63,0.2969233795,0.0538225307868453,0.308627373356191,0,10.191439235649,0.0715317666946506,"Rat #4"
"22",4,1,66,0.408668731,NA,0.296196228240286,NA,9.29001518589098,NA,"Rat #4"
"23",4,1,69,0.228544931,NA,0.284681674705319,NA,8.54065653222819,NA,"Rat #4"
"24",4,11,3,1.1409479822,0.77692507371826,0.303670811596312,3.92523114670944e-17,195.400020429763,12.5700467168714,"Rat #4"
"25",4,11,6,0.8044457394,0.169629286652187,0.54324685876667,5.55111512312578e-17,174.778811871001,11.243488232528,"Rat #4"
"26",4,11,9,0.6094128442,0.213373987571354,0.708938300276152,5.55111512312578e-17,152.057812898564,9.7818506241523,"Rat #4"
"27",4,11,12,1.0322628082,0.77168282033246,0.80916347705349,7.85046229341888e-17,130.16608273621,8.3735597230116,"Rat #4"
"28",4,11,15,0.794622152,0.351212526001568,0.859600105341339,5.55111512312578e-17,110.623656756588,7.11639911993403,"Rat #4"
"29",4,11,18,0.7608900402,0.27513310932166,0.875717576459241,1.35973995551052e-16,93.9148719580773,6.04152612331158,"Rat #4"
"30",4,11,21,0.6220496486,0.224439202177086,0.869784091704074,7.85046229341888e-17,79.9530388068434,5.14336401166913,"Rat #4"
"31",4,11,24,0.6356005632,0.0585244484216773,0.850520128927813,1.35973995551052e-16,68.4094602699863,4.40076776644343,"Rat #4"
"32",4,11,27,0.9310061674,0.437606520704063,0.823751259572077,7.85046229341888e-17,58.8945539426943,3.78867562449963,"Rat #4"
"33",4,11,30,0.6706965698,0.14015624837319,0.793220700079467,1.24126707662364e-16,51.0405791673134,3.2834308982067,"Rat #4"
"34",4,11,33,0.7410943708,0.0951186491443217,0.761265694871935,1.11022302462516e-16,44.5312749111177,2.86468857456339,"Rat #4"
"35",4,11,36,0.6973523606,0.144738331213037,0.729306273268879,1.11022302462516e-16,39.1066178831327,2.51572140396226,"Rat #4"
"36",4,11,39,0.94625927,0.293890845942585,0.698175895856491,1.35973995551052e-16,34.5575586113706,2.2230812730242,"Rat #4"
"37",4,11,42,0.7242640784,0.185064740612072,0.668337793933913,9.61481343191782e-17,30.7177597774797,1.97606773321371,"Rat #4"
"38",4,11,45,0.5893624154,0.188223772143092,0.640024110492747,1.11022302462516e-16,27.4553276091775,1.76619608286287,"Rat #4"
"39",4,11,48,0.739228151,0.189937626144709,0.613324611148848,7.85046229341888e-17,24.6656158931149,1.58673445066659,"Rat #4"
"40",4,11,51,0.6400371886,0.112417136141101,0.588242979993019,9.61481343191782e-17,22.2653428180181,1.43232533330388,"Rat #4"
"41",4,11,54,0.6286595106,0.140616954405198,0.564732427007822,7.85046229341888e-17,20.1879293045807,1.29868571107286,"Rat #4"
"42",4,11,57,0.5840252922,0.265909067379572,0.542718120772135,1.75541673428835e-16,18.3798632627389,1.18237316124224,"Rat #4"
"43",4,11,60,0.6449471914,0.292708999046054,0.522111229982364,7.85046229341888e-17,16.7978846022226,1.08060477030734,"Rat #4"
"44",4,11,63,0.5841826702,0.176351959724539,0.502817615450054,5.55111512312578e-17,15.4068106113091,0.991117241012569,"Rat #4"
"45",4,11,66,0.683527983,0.373824841252828,0.48474310974898,4.80740671595891e-17,14.177854609049,0.912058731564042,"Rat #4"
"46",4,11,69,0.554761183,0.505467828810818,0.46779662192538,6.20633538311818e-17,13.0873223627872,0.841904996412854,"Rat #4"
"47",4,11,72,0.426550115,0.175782523813254,0.451891860360801,7.85046229341888e-17,12.007912150127,0.855939765792006,"Rat #4"
"48",4,11,75,0.34769108425,0.0845195949608259,0.436948183653115,5.55111512312578e-17,11.146387950657,0.794529188141275,"Rat #4"
"49",4,11,78,0.712318374,0.622042344797016,0.422890908010262,8.77708367144175e-17,10.0440385827253,0.413815822049489,"Rat #4"
"50",4,11,81,0.365358593,NA,0.409651282949331,NA,9.80695056534205,NA,"Rat #4"
"51",4,18,3,0.7924692108,0.476515649465092,0.303072405048894,4.80740671595891e-17,187.518372789742,26.881251111583,"Rat #4"
"52",4,18,6,0.701519693,0.119805019557603,0.537686153219608,9.61481343191782e-17,166.339842961042,23.8452532515879,"Rat #4"
"53",4,18,9,0.6712219208,0.0512746395334534,0.694284571444384,5.55111512312578e-17,143.190330012912,20.5267097861575,"Rat #4"
"54",4,18,12,0.616599604,0.0456743225422146,0.783760503631546,7.85046229341888e-17,121.232989088982,17.3790673107153,"Rat #4"
"55",4,18,15,0.663805337,0.114352192399864,0.82406842879306,7.85046229341888e-17,101.974292783102,14.6182826271763,"Rat #4"
"56",4,18,18,1.167488107,0.4190309283035,0.831881346891595,7.85046229341888e-17,85.7842515102866,12.2973977000794,"Rat #4"
"57",4,18,21,1.0785062098,0.508809686723917,0.819774923886045,9.61481343191782e-17,72.4592809318694,10.3872281799198,"Rat #4"
"58",4,18,24,0.725314159,0.0921672732753984,0.79629376306849,1.11022302462516e-16,61.5858241404121,8.82848959812845,"Rat #4"
"59",4,18,27,0.6324970202,0.140600243910273,0.766909697146299,1.24126707662364e-16,52.7228829700309,7.55796370968474,"Rat #4"
"60",4,18,30,0.621114171,0.150295710210502,0.734995285228668,1.11022302462516e-16,45.4759712854679,6.51909989128636,"Rat #4"
"61",4,18,33,0.9918670746,0.561095937312667,0.702565602345094,7.85046229341888e-17,39.5176971020395,5.66496564228671,"Rat #4"
"62",4,18,36,0.6613587232,0.182875203946711,0.670783614192906,1.11022302462516e-16,34.5858640080806,4.95797441861726,"Rat #4"
"63",4,18,39,0.782934556,0.107496932626127,0.640286824939873,1.11022302462516e-16,30.4739424870755,4.36851967179521,"Rat #4"
"64",4,18,42,0.765298112,0.21467625239742,0.611392980318761,1.35973995551052e-16,27.0202798535761,3.87342806490565,"Rat #4"
"65",4,18,45,0.5650031084,0.132785287070426,0.58422794985437,7.85046229341888e-17,24.0984162353997,3.45457124322201,"Rat #4"
"66",4,18,48,0.6819158708,0.252778542390224,0.558804713056256,7.85046229341888e-17,21.6091412385934,3.09772713627168,"Rat #4"
"67",4,18,51,0.7312645426,0.371622601974598,0.535071944035312,7.85046229341888e-17,19.4742476597608,2.79168453609696,"Rat #4"
"68",4,18,54,0.4879352332,0.263354181177434,0.512943761907105,1.11022302462516e-16,17.6317198947067,2.52755334300038,"Rat #4"
"69",4,18,57,0.5917984146,0.200116448526346,0.492317816526436,4.80740671595891e-17,16.0320619433884,2.29823817541282,"Rat #4"
"70",4,18,60,0.4483931784,0.175629592600102,0.473086143758773,5.55111512312578e-17,14.6355033300883,2.0980378312137,"Rat #4"
"71",4,18,63,0.48467207925,0.161938181060442,0.455141536840749,5.55111512312578e-17,14.1237643350523,1.23675659472639,"Rat #4"
"72",4,18,66,0.40621823475,0.0805791107145395,0.438381140490272,5.55111512312578e-17,12.9853143310163,1.1370674809139,"Rat #4"
"73",4,18,69,0.42463136475,0.0614275625253318,0.422708332128977,5.55111512312578e-17,11.9766748149106,1.04874530676451,"Rat #4"
"74",4,18,72,0.308766483,0.0640122885322103,0.408033556135072,3.92523114670944e-17,11.5392456388271,0.376676953139532,"Rat #4"
"75",4,18,75,0.270863429666667,0.0157495555183272,0.394274528594009,3.92523114670944e-17,10.7041328918302,0.349416269476787,"Rat #4"
"76",4,18,78,0.283296408,NA,0.381356074279746,NA,10.2430285879364,NA,"Rat #4"
"77",5,1,3,0.8264634214,0.431068677070941,0.314272071822218,3.92523114670944e-17,189.902461148723,18.2645131751686,"Rat #5"
"78",5,1,6,0.8965282306,0.138750645169685,0.580973104991,5.55111512312578e-17,175.529791526334,16.8821729353816,"Rat #5"
"79",5,1,9,1.2961930414,0.74552433197491,0.785963531629381,0,158.309123857915,15.2259168257322,"Rat #5"
"80",5,1,12,0.7381795638,0.142235970031464,0.929072550257484,7.85046229341888e-17,140.350654495497,13.4987001362188,"Rat #5"
"81",5,1,15,0.8831988202,0.278900198990855,1.01880849458107,1.57009245868378e-16,123.125315869377,11.8419947813728,"Rat #5"
"82",5,1,18,1.139534585,0.453269099360421,1.06686666726076,1.57009245868378e-16,107.444379141313,10.3338275162608,"Rat #5"
"83",5,1,21,0.9386731922,0.356102225837662,1.08457780312177,1.57009245868378e-16,93.6240613454428,9.00461158645776,"Rat #5"
"84",5,1,24,0.992911371,0.203038909556896,1.0813397002514,1.57009245868378e-16,81.6764711325223,7.85551158251151,"Rat #5"
"85",5,1,27,1.0267864366,0.210321694991205,1.06429991513276,1.57009245868378e-16,71.4572539760748,6.87264371832058,"Rat #5"
"86",5,1,30,0.9455462296,0.18869386340349,1.03861326962453,1.57009245868378e-16,62.7593839121012,6.03609656975605,"Rat #5"
"87",5,1,33,0.8218077444,0.213972630464071,1.007869660432,1.11022302462516e-16,55.3651513489867,5.324931178574,"Rat #5"
"88",5,1,36,0.9330108902,0.219215376929285,0.974506623431604,7.85046229341888e-17,49.0713893014121,4.71960727100612,"Rat #5"
"89",5,1,39,1.0077960752,0.200930905095562,0.940144315522895,1.35973995551052e-16,43.6994505864322,4.202942848426,"Rat #5"
"90",5,1,42,0.8457692564,0.205934988513273,0.905836243361431,7.85046229341888e-17,39.097272585374,3.76031277282646,"Rat #5"
"91",5,1,45,0.819586329,0.307875265503725,0.872248864024407,7.85046229341888e-17,35.1377507715915,3.37949233533586,"Rat #5"
"92",5,1,48,0.8532927428,0.206810829650609,0.839787063168739,1.11022302462516e-16,31.7156781566516,3.05036289707648,"Rat #5"
"93",5,1,51,0.7838897364,0.169842147093538,0.808680564122851,7.85046229341888e-17,28.7443762304486,2.76458785840524,"Rat #5"
"94",5,1,54,0.7694447102,0.300030610247996,0.77904293479368,9.61481343191782e-17,26.1525290279079,2.51530816454306,"Rat #5"
"95",5,1,57,0.6851146226,0.257808425798716,0.750911679484633,9.61481343191782e-17,23.8814154032082,2.29687611016254,"Rat #5"
"96",5,1,60,0.7890609234,0.196560870860206,0.724275385382817,0,21.8825805035967,2.10463138548596,"Rat #5"
"97",5,1,63,0.5848468786,0.1488287718618,0.699092046456048,9.61481343191782e-17,20.1159186721076,1.9347166929532,"Rat #5"
"98",5,1,66,0.7118137272,0.188999652333634,0.675301384511201,5.55111512312578e-17,18.5481143184811,1.78392779269523,"Rat #5"
"99",5,1,69,0.7176355444,0.196210370346353,0.652833087306676,9.61481343191782e-17,17.1513822513065,1.64959234970635,"Rat #5"
"100",5,1,72,0.700007745,0.151914387917914,0.631612269131955,5.55111512312578e-17,15.9024529956403,1.52947234332526,"Rat #5"
"101",5,1,75,0.6869075298,0.128161730171124,0.611563041904111,7.85046229341888e-17,14.7817559647347,1.42168550600609,"Rat #5"
"102",5,1,78,0.7927780356,0.150687294395514,0.592610801836935,7.85046229341888e-17,13.7727612794509,1.32464202056854,"Rat #5"
"103",5,1,81,0.71319834475,0.272035281890502,0.574683644746877,1.28197512425571e-16,12.7606374858101,1.40443988535798,"Rat #5"
"104",5,1,84,0.63136770925,0.182632419603579,0.557713192554879,6.40987562127855e-17,11.9415357773737,1.31428928663028,"Rat #5"
"105",5,1,87,0.761804780333333,0.12536941107029,0.541635024591397,7.85046229341888e-17,11.2931940242296,1.49099646132446,"Rat #5"
"106",5,1,90,0.243420875,NA,0.526388846495094,NA,11.8184238938582,NA,"Rat #5"
"107",5,11,3,1.2338881802,0.742360727199104,0.278874351437002,2.77555756156289e-17,183.819099168529,5.28142890343648,"Rat #5"
"108",5,11,6,0.7840153852,0.155204349177209,0.519988131434092,0,171.374221770505,4.92386684657216,"Rat #5"
"109",5,11,9,0.7542632992,0.22156972718371,0.722128509704595,5.55111512312578e-17,158.66286669225,4.55864844208749,"Rat #5"
"110",5,11,12,0.8352060746,0.255374134288739,0.886863880003687,7.85046229341888e-17,146.143342572874,4.19894166058096,"Rat #5"
"111",5,11,15,1.29983903,0.835375778791704,1.01751943570434,1.57009245868378e-16,134.138908862612,3.85403428450553,"Rat #5"
"112",5,11,18,0.9351310678,0.151481091515619,1.11829859903303,1.57009245868378e-16,122.853798981771,3.52979428021476,"Rat #5"
"113",5,11,21,0.852088648,0.0659787140326117,1.19363855860978,1.57009245868378e-16,112.397553873206,3.2293689414573,"Rat #5"
"114",5,11,24,0.9883759318,0.119634806720952,1.2477975322913,1.57009245868378e-16,102.810198010588,2.95390823802986,"Rat #5"
"115",5,11,27,1.1065222924,0.0969095426402542,1.28462831696633,1.11022302462516e-16,94.0842747815516,2.70319792903881,"Rat #5"
"116",5,11,30,1.1473976498,0.0373416287795165,1.30748271250295,1.57009245868378e-16,86.1822871670613,2.4761606626691,"Rat #5"
"117",5,11,33,1.123009989,0.164407736434151,1.31919822885526,1.57009245868378e-16,79.0495559293193,2.27122541334053,"Rat #5"
"118",5,11,36,1.149685465,0.145687245394375,1.32213080999029,1.11022302462516e-16,72.6231763585331,2.08658482396148,"Rat #5"
"119",5,11,39,1.2187131006,0.120487065942746,1.31820926592418,0,66.8379418156183,1.92036539917746,"Rat #5"
"120",5,11,42,1.2004744876,0.0620150296803183,1.30899650481691,1.57009245868378e-16,61.6300487734559,1.7707339573779,"Rat #5"
"121",5,11,45,1.159326886,0.16724518868502,1.29574922757911,1.11022302462516e-16,56.939252279645,1.63595956073135,"Rat #5"
"122",5,11,48,1.1749368106,0.165136421162362,1.27947197476532,0,52.7099804537488,1.51444553654772,"Rat #5"
"123",5,11,51,1.1814071834,0.180903853655948,1.26096394988214,1.57009245868378e-16,48.8917755500966,1.40474214974729,"Rat #5"
"124",5,11,54,1.1464629376,0.13554559630108,1.24085845397055,1.57009245868378e-16,45.4393174299913,1.30554727725631,"Rat #5"
"125",5,11,57,1.2639492726,0.313884511494464,1.21965547715834,0,42.3122022237191,1.21570004859788,"Rat #5"
"126",5,11,60,1.1398256418,0.23610745866896,1.19774829167157,1.57009245868378e-16,39.4745896980506,1.13417071417285,"Rat #5"
"127",5,11,63,1.0945749054,0.240776777622169,1.17544496134206,1.57009245868378e-16,36.8947918151786,1.0600488238728,"Rat #5"
"128",5,11,66,1.2248109242,0.197856358863582,1.15298563667994,1.92296268638356e-16,34.5448472332784,0.992531001772369,"Rat #5"
"129",5,11,69,1.2418037594,0.149888362154772,1.13055640698705,1.11022302462516e-16,32.4001081367026,0.930909075072573,"Rat #5"
"130",5,11,72,1.2745946928,0.317765343161201,1.1083003675784,1.11022302462516e-16,30.4388538731144,0.874558973252052,"Rat #5"
"131",5,11,75,1.1315845414,0.131656187319625,1.08632644940282,1.57009245868378e-16,28.6419383214282,0.822930596360655,"Rat #5"
"132",5,11,78,1.3136432062,0.260434085710442,1.06471645867367,1.57009245868378e-16,26.9924732569187,0.775538717571594,"Rat #5"
"133",5,11,81,1.2563123848,0.194916331960993,1.04353068849786,1.11022302462516e-16,25.4755472180642,0.731954905757587,"Rat #5"
"134",5,11,84,1.0465503212,0.15089978564715,1.0228123930394,0,24.0779778391885,0.691800409595113,"Rat #5"
"135",5,11,87,1.1512173972,0.0770609952018825,1.00259135624008,1.11022302462516e-16,22.7880948446365,0.654739922625627,"Rat #5"
"136",5,11,90,1.1007348454,0.211729383062069,0.982886739803999,5.55111512312578e-17,21.5955506084224,0.620476140318691,"Rat #5"
"137",5,11,93,0.936955878,0.223967915360267,0.963709357216416,5.55111512312578e-17,20.4911551756347,0.588745019962147,"Rat #5"
"138",5,11,96,0.9755609634,0.288506136725052,0.945063490323345,9.61481343191782e-17,19.4667327948437,0.559311658599209,"Rat #5"
"139",5,11,99,1.008137687,0.20308453908756,0.926948340976336,7.85046229341888e-17,18.5149972462651,0.531966710998947,"Rat #5"
"140",5,11,102,0.9577308202,0.269532502800787,0.909359191207871,0,17.6294435202166,0.506523277397901,"Rat #5"
"141",5,11,105,0.9064466614,0.340547397039184,0.892288330331029,9.61481343191782e-17,16.8042536755218,0.482814198655231,"Rat #5"
"142",5,11,108,1.15628504633333,0.346246689041707,0.875725795429246,7.85046229341888e-17,15.9956451964199,0.606649108774193,"Rat #5"
"143",5,11,111,0.965859951,0.221946631224,0.859659962259698,1.57009245868378e-16,15.5654214896287,0.418500284092491,"Rat #5"
"144",5,11,114,0.6795564295,0.006845529740045,0.84407801611364,1.11022302462516e-16,14.8810954240835,0.400101125866459,"Rat #5"
"145",5,18,3,0.7497227572,0.363296225969493,0.259512070148805,3.92523114670944e-17,150.141573224825,24.5969577227769,"Rat #5"
"146",5,18,6,0.7151854526,0.109306618264231,0.482372874333819,5.55111512312578e-17,139.539217177706,22.8600257201909,"Rat #5"
"147",5,18,9,0.5409138462,0.204604209016143,0.669335090416666,7.85046229341888e-17,129.08201589251,21.1468737104849,"Rat #5"
"148",5,18,12,1.0415660932,0.613172546968578,0.822866677474975,7.85046229341888e-17,119.018064785518,19.4981459491732,"Rat #5"
"149",5,18,15,0.717300374,0.143041415981859,0.946404249608526,1.35973995551052e-16,109.509066658369,17.9403334133393,"Rat #5"
"150",5,18,18,0.7972269488,0.078873579381167,1.04377605404942,1.11022302462516e-16,100.646685887301,16.4884530282664,"Rat #5"
"151",5,18,21,0.9790675718,0.163552438561567,1.11880612030267,1.11022302462516e-16,92.4698586078346,15.1488835101136,"Rat #5"
"152",5,18,24,1.1570146228,0.350103447836569,1.17507358481646,1.57009245868378e-16,84.9803424259387,13.9219127988484,"Rat #5"
"153",5,18,27,0.9496874664,0.207549910969962,1.21578835913196,1.11022302462516e-16,78.155378644851,12.8038124487773,"Rat #5"
"154",5,18,30,1.0854629386,0.0895054214897796,1.24374565204225,0,71.9573192807886,11.788414775324,"Rat #5"
"155",5,18,33,1.0073633174,0.109118130867808,1.26132916534763,0,66.3405630038564,10.8682491362177,"Rat #5"
"156",5,18,36,1.0649739392,0.102134121679173,1.27054120997801,1.57009245868378e-16,61.2563210141789,10.0353227016105,"Rat #5"
"157",5,18,39,1.1560193784,0.133458277947995,1.27304530644717,1.11022302462516e-16,56.6557388868744,9.28163189063161,"Rat #5"
"158",5,18,42,1.1393945298,0.113071510247579,1.27021237349161,1.11022302462516e-16,52.4918287660583,8.59947891325611,"Rat #5"
"159",5,18,45,1.0294825218,0.239214864146204,1.26316545299242,0,48.7205722253517,7.98165244653457,"Rat #5"
"160",5,18,48,1.0913748262,0.215272610999699,1.25282041643222,1.57009245868378e-16,45.3014642496822,7.42151675246389,"Rat #5"
"161",5,18,51,1.0117603858,0.302494906318254,1.23992162727217,1.11022302462516e-16,42.1976935606122,6.91304121980159,"Rat #5"
"162",5,18,54,1.300215519,0.160640828369202,1.22507241235784,0,39.3760959857964,6.45079272481274,"Rat #5"
"163",5,18,57,1.1258701952,0.123962378437723,1.20876065944091,1.57009245868378e-16,36.8069741432494,6.02990609102767,"Rat #5"
"164",5,18,60,1.2247886882,0.172600664490788,1.19138006962952,1.11022302462516e-16,34.4638455275529,5.64604281944057,"Rat #5"
"165",5,18,63,1.3178670604,0.113456539598159,1.17324765945463,1.57009245868378e-16,32.3231592477621,5.29534468306966,"Rat #5"
"166",5,18,66,1.331159727,0.143319235640075,1.15461809411312,1.11022302462516e-16,30.3640066852784,4.97438632545525,"Rat #5"
"167",5,18,69,1.334946918,0.129981790574902,1.13569538174225,0,28.5678412503587,4.68012934974289,"Rat #5"
"168",5,18,72,1.1612268326,0.135011472736284,1.1166423917575,1.11022302462516e-16,26.9182157455253,4.40987929221856,"Rat #5"
"169",5,18,75,1.151734353,0.283527675137211,1.09758859127267,1.11022302462516e-16,25.4005415243777,4.16124616647786,"Rat #5"
"170",5,18,78,1.1197879112,0.467111598718962,1.0786363290008,0,24.0018709076094,3.93210881770888,"Rat #5"
"171",5,18,81,1.2661797818,0.365943657798293,1.05986593869871,1.11022302462516e-16,22.7107026563187,3.72058305433863,"Rat #5"
"172",5,18,84,1.034721752,0.27967072485351,1.04133988499948,1.57009245868378e-16,21.5168093428358,3.52499336704216,"Rat #5"
"173",5,18,87,1.32416269775,0.190203360555973,1.02310613312732,1.28197512425571e-16,21.7150160812059,1.89037466371505,"Rat #5"
"174",5,18,90,1.10518341,0.34344992734154,1.00520088975389,0,20.6238183440683,1.79538175430738,"Rat #5"
"175",5,18,93,1.034093063,0.365936480346125,0.987650834191896,1.28197512425571e-16,19.6100728104162,1.70713135352003,"Rat #5"
"176",5,18,96,1.236840754,0.37304014118909,0.970474936275961,9.06493303673679e-17,18.6668832169897,1.62502311543144,"Rat #5"
"177",5,18,99,0.95404433425,0.208027960069752,0.953685938770029,1.28197512425571e-16,17.7880730644082,1.54851935230075,"Rat #5"
"178",5,18,102,1.18048831633333,0.332397811303645,0.937291567187029,0,17.0212761210032,1.80442197479748,"Rat #5"
"179",5,18,105,1.175052878,0.480654345988389,0.921295517850307,7.85046229341888e-17,16.2527643389962,1.72295219911873,"Rat #5"
"180",5,18,108,1.0712655925,0.409344177147182,0.905698265314845,1.11022302462516e-16,15.7827986045171,2.24753730986608,"Rat #5"
"181",5,18,111,1.091924756,0.275605574978338,0.890497722446007,1.11022302462516e-16,15.0985092216021,2.15009160600932,"Rat #5"
"182",5,18,114,0.711743772,NA,0.875689780154684,NA,15.9124355288055,NA,"Rat #5"
"183",8,1,3,0.0874724404,0.0837793618248019,0.313762422694605,2.77555756156289e-17,206.879671753585,8.04554964693406,"Rat #8"
"184",8,1,6,0.431506483,0.0466162660028578,0.570412431357681,7.85046229341888e-17,188.051098582798,7.31330650799996,"Rat #8"
"185",8,1,9,0.6835626358,0.580096997331804,0.752893070063303,5.55111512312578e-17,165.473683201222,6.43527090975963,"Rat #8"
"186",8,1,12,0.6760713722,0.458391224289448,0.865368421648249,1.35973995551052e-16,142.645455659584,5.5474812275693,"Rat #8"
"187",8,1,15,0.4501950406,0.212927526643052,0.922633091037101,9.61481343191782e-17,121.667871750553,4.73166306920592,"Rat #8"
"188",8,1,18,0.7097059968,0.482138274382698,0.941099635541526,7.85046229341888e-17,103.419216582303,4.02197293918283,"Rat #8"
"189",8,1,21,0.5187402776,0.270051648522593,0.934448054329292,5.55111512312578e-17,88.0185100789654,3.42303952189643,"Rat #8"
"190",8,1,24,0.5494722986,0.306588762456329,0.91263043946525,7.85046229341888e-17,75.2180121377498,2.92522820569231,"Rat #8"
"191",8,1,27,0.4701393528,0.117585376968711,0.882355376288635,1.46868701148805e-16,64.642465981083,2.51394525591921,"Rat #8"
"192",8,1,30,0.4438017808,0.16218652691964,0.84793491619027,1.57009245868378e-16,55.9087017569943,2.17428919849266,"Rat #8"
"193",8,1,33,0.445100401,0.151950030149338,0.812046123560499,9.61481343191782e-17,48.6748812997982,1.89296594845048,"Rat #8"
"194",8,1,36,0.4421374496,0.172737994919064,0.776297881885496,7.85046229341888e-17,42.6544202904204,1.65883024271485,"Rat #8"
"195",8,1,39,0.4316151342,0.14428768612472,0.741618711525746,9.61481343191782e-17,37.6144066361115,1.46282413088543,"Rat #8"
"196",8,1,42,0.6262353414,0.187541332901792,0.708511081154833,7.85046229341888e-17,33.36840900292,1.29769729909455,"Rat #8"
"197",8,1,45,0.4412362076,0.143895887564799,0.677214477436539,7.85046229341888e-17,29.7681512433612,1.157683288531,"Rat #8"
"198",8,1,48,0.3078365878,0.131245977173513,0.647808709194316,0,26.6958460095136,1.03820134968252,"Rat #8"
"199",8,1,51,0.430341121,0.290675632271164,0.620278886159924,7.85046229341888e-17,24.0577476840036,0.935605715846315,"Rat #8"
"200",8,1,54,0.370597557,0.23263859421719,0.594556070155778,5.55111512312578e-17,21.7789631999244,0.846983795935498,"Rat #8"
"201",8,1,57,0.2259012464,0.0612123204485642,0.570542550687379,7.85046229341888e-17,19.7993679746908,0.769997345162214,"Rat #8"
"202",8,1,60,0.373771774666667,0.0506631185104347,0.548127416806994,1.35973995551052e-16,18.5695215296337,0.231387370976909,"Rat #8"
"203",8,1,63,0.266159696,NA,0.527196007711626,NA,16.8961299557217,NA,"Rat #8"
"204",8,1,66,0.138614693,NA,0.507635505419,NA,15.529723827825,NA,"Rat #8"
"205",8,11,3,0.6773177522,0.529717913998781,0.292461739164279,0,187.689465828096,13.765766123276,"Rat #8"
"206",8,11,6,0.461869168,0.0938269508656227,0.515122782219619,5.55111512312578e-17,165.291911528255,12.1230554209749,"Rat #8"
"207",8,11,9,0.7967731834,0.0725512188757704,0.664250998893933,5.55111512312578e-17,142.095983238058,10.4217893299542,"Rat #8"
"208",8,11,12,0.7857728904,0.0853887766358426,0.751789630815502,5.55111512312578e-17,120.616627174952,8.84642232286759,"Rat #8"
"209",8,11,15,0.7359347562,0.169082224212306,0.794232421524345,5.55111512312578e-17,101.940896176868,7.47668244979287,"Rat #8"
"210",8,11,18,0.660842464,0.332995255561337,0.806385257406925,1.35973995551052e-16,86.250608738797,6.32590488043645,"Rat #8"
"211",8,11,21,0.579719407,0.230011622858552,0.799423066290385,5.55111512312578e-17,73.290802175382,5.37538980827857,"Rat #8"
"212",8,11,24,0.9009516906,0.201188195435554,0.781059764699373,7.85046229341888e-17,62.6563539709288,4.59542420825563,"Rat #8"
"213",8,11,27,0.7961719786,0.0948488557585138,0.756356540208344,9.61481343191782e-17,53.9330395881481,3.9556274829394,"Rat #8"
"214",8,11,30,0.843480839,0.175482565429205,0.728529353835123,7.85046229341888e-17,46.7539055372285,3.42908604985161,"Rat #8"
"215",8,11,33,0.6607180776,0.203153957426314,0.69957232658114,1.11022302462516e-16,40.8141518891371,2.99344487420679,"Rat #8"
"216",8,11,36,0.727933723,0.199079977832721,0.670691610234484,5.55111512312578e-17,35.8684382727602,2.63070988183326,"Rat #8"
"217",8,11,39,0.6670947358,0.257927576337533,0.642592777881471,7.85046229341888e-17,31.7222021194209,2.32661121051509,"Rat #8"
"218",8,11,42,0.5752581162,0.235758932494025,0.615666563957928,0,28.2220380220097,2.06989760037471,"Rat #8"
"219",8,11,45,0.7326170542,0.201294150793505,0.59010748524746,5.55111512312578e-17,25.24705374083,1.85170241475545,"Rat #8"
"220",8,11,48,0.6979850482,0.159051436533426,0.565989187611265,9.61481343191782e-17,22.7017319835566,1.6650200995572,"Rat #8"
"221",8,11,51,0.7044820676,0.286459096653518,0.54331218807961,7.85046229341888e-17,20.5102694699688,1.50429099152294,"Rat #8"
"222",8,11,54,0.6355721566,0.246195739487879,0.522034071679557,7.85046229341888e-17,18.6121774305675,1.36507864425791,"Rat #8"
"223",8,11,57,0.5536042334,0.24188484566237,0.502088535965123,5.55111512312578e-17,16.9588947335902,1.24382142376428,"Rat #8"
"224",8,11,60,0.4222141362,0.182837706177363,0.483397334521278,3.92523114670944e-17,15.5111892171408,1.13764191354568,"Rat #8"
"225",8,11,63,0.4553351768,0.140180428148066,0.465877689646666,3.92523114670944e-17,14.2371630365304,1.04420062018467,"Rat #8"
"226",8,11,66,0.2843490466,0.0645006228832784,0.449446810049692,3.92523114670944e-17,13.1107175587574,0.961583383627309,"Rat #8"
"227",8,11,69,0.5238985485,0.172186368409977,0.434024558995268,5.55111512312578e-17,11.9282057468074,0.911417180930096,"Rat #8"
"228",8,11,72,0.499327476333333,0.143611815644075,0.41953494384533,3.92523114670944e-17,11.2836253896889,0.860546075245943,"Rat #8"
"229",8,11,75,0.374191932,0.0604286666976924,0.405906859193237,0,10.8820652299406,0.556549930911579,"Rat #8"
"230",8,11,78,0.5501084125,0.167991471246634,0.393074362755534,0,10.1327263566761,0.518225909750847,"Rat #8"
"231",8,11,81,0.38959165,NA,0.380976664553168,NA,9.79914311971255,NA,"Rat #8"
"232",8,18,3,0.8407709044,1.09826134600332,0.299801604042963,2.77555756156289e-17,186.47879625982,27.0067321730559,"Rat #8"
"233",8,18,6,0.6408408378,0.144058029389447,0.546377478308937,5.55111512312578e-17,169.925399138167,24.609391716204,"Rat #8"
"234",8,18,9,0.783977934,0.204323797129624,0.732618325423851,7.85046229341888e-17,151.897990316007,21.9985779851034,"Rat #8"
"235",8,18,12,0.8762957414,0.499120240193805,0.862287283364458,7.85046229341888e-17,134.087253423193,19.4191436970419,"Rat #8"
"236",8,18,15,0.9491522222,0.151713051228352,0.944778871987055,7.85046229341888e-17,117.531877350869,17.0215166392904,"Rat #8"
"237",8,18,18,0.8815500468,0.24327431400711,0.990890906974034,9.61481343191782e-17,102.723568445195,14.8769080265546,"Rat #8"
"238",8,18,21,0.8790523778,0.258502268451873,1.01045602664856,1.57009245868378e-16,89.7872940837526,13.0034162194225,"Rat #8"
"239",8,18,24,1.0707860776,0.176275901625706,1.01144599302911,1.57009245868378e-16,78.6408531168401,11.3891364626143,"Rat #8"
"240",8,18,27,0.9721260898,0.161635132985688,0.999903759186787,5.55111512312578e-17,69.1052745379721,10.0081493372158,"Rat #8"
"241",8,18,30,0.867420608,0.338900062398377,0.980223106603745,9.61481343191782e-17,60.9705960610311,8.83004712212763,"Rat #8"
"242",8,18,33,0.7723132402,0.355060561799577,0.955512482329409,9.61481343191782e-17,54.0305246454936,7.82495349357289,"Rat #8"
"243",8,18,36,0.799976454,0.325430908306876,0.927928601238876,7.85046229341888e-17,48.0981995650269,6.96580640647757,"Rat #8"
"244",8,18,39,0.8482438428,0.216554844925799,0.898944345168857,7.85046229341888e-17,43.0115365348893,6.22913205601624,"Rat #8"
"245",8,18,42,1.1229539406,0.16190487376219,0.869550131038072,0,38.6333255861887,5.5950590522204,"Rat #8"
"246",8,18,45,0.900212694,0.110692359249344,0.840399854636035,1.24126707662364e-16,34.8489915010587,5.04699407571726,"Rat #8"
"247",8,18,48,0.7845083054,0.32908736042828,0.811914490581997,7.85046229341888e-17,31.56354794885,4.57118076147552,"Rat #8"
"248",8,18,51,0.9334297582,0.165513553168823,0.784354770318709,7.85046229341888e-17,28.6984952396012,4.15625041694152,"Rat #8"
"249",8,18,54,0.725318485,0.299828819197376,0.757871835784798,5.55111512312578e-17,26.1889910880522,3.79281227884015,"Rat #8"
"250",8,18,57,0.8153294844,0.185852510453773,0.732542421334387,7.85046229341888e-17,23.9814083183024,3.47309980853109,"Rat #8"
"251",8,18,60,0.8790869494,0.0947943236073813,0.708393245398214,1.66533453693773e-16,22.0312896760744,3.19067449834755,"Rat #8"
"252",8,18,63,0.8451023994,0.336704556379135,0.685417901317053,5.55111512312578e-17,20.3016648103405,2.94018212899713,"Rat #8"
"253",8,18,66,0.6837897742,0.298562135499689,0.663588538453761,9.61481343191782e-17,18.7616789651904,2.71715417029925,"Rat #8"
"254",8,18,69,0.854010124,0.167976513917937,0.642863923006488,9.61481343191782e-17,17.3854814976292,2.51784681112969,"Rat #8"
"255",8,18,72,0.4742179454,0.145580813776519,0.623194980053573,9.61481343191782e-17,16.1513269870768,2.33911077789073,"Rat #8"
"256",8,18,75,0.47574939,0.196382095671571,0.604528580872218,1.11022302462516e-16,15.0408484204845,2.1782860737775,"Rat #8"
"257",8,18,78,0.59791551675,0.42019831286029,0.586810106510291,1.28197512425571e-16,14.8981305874521,0.764610656385333,"Rat #8"
"258",8,18,81,0.8438005195,0.219155633382502,0.569985157550166,0,14.4938781340451,0.349799234772623,"Rat #8"
"259",8,18,84,1.0252389485,0.0549568587573027,0.55400066850795,0,13.5842942491965,0.327847087532321,"Rat #8"
"260",8,18,87,0.8983552565,0.188350269073242,0.538805607898474,1.11022302462516e-16,12.7561298694778,0.30785994098587,"Rat #8"
"261",8,18,90,0.3698950235,0.0793661084763299,0.524351391068877,0,12.0001311522053,0.289614460352924,"Rat #8"
"262",8,18,93,0.482891116,NA,0.510592095204125,NA,11.5012791027883,NA,"Rat #8"
"263",8,18,96,0.966475385,NA,0.497484539460268,NA,10.8558381493098,NA,"Rat #8"
"264",9,1,3,1.4370657778,1.27546060991646,0.285897251618546,4.80740671595891e-17,159.623868907176,43.4175566770938,"Rat #9"
"265",9,1,6,1.087798299,1.02497198549046,0.448122476606813,5.55111512312578e-17,125.099214936988,34.026880139994,"Rat #9"
"266",9,1,9,0.6374954592,0.174381099838368,0.505343656690965,0,94.0488341552133,25.5812029573291,"Rat #9"
"267",9,1,12,0.4432209236,0.330354960584586,0.50516366148171,7.85046229341888e-17,70.5115016151093,19.1790685109961,"Rat #9"
"268",9,1,15,0.466985857,0.203669179175849,0.4803959634031,4.80740671595891e-17,53.6435113325999,14.5909894903993,"Rat #9"
"269",9,1,18,0.429000016,0.274383487462232,0.447556827727754,3.92523114670944e-17,41.6471022329876,11.3279764111529,"Rat #9"
"270",9,1,21,0.5225749054,0.411061361295269,0.413898965484783,5.55111512312578e-17,33.0129362576082,8.97949060409942,"Rat #9"
"271",9,1,24,0.2738946936,0.0620110801986039,0.382285936438813,2.77555756156289e-17,26.6800222185171,7.25694336786314,"Rat #9"
"272",9,1,27,0.2629042182,0.0615990812153192,0.35364386561922,3.92523114670944e-17,21.9387294350796,5.96731576043244,"Rat #9"
"273",9,1,30,0.246676659,0.133677422853189,0.328082890354997,4.80740671595891e-17,18.3177207840344,4.98240448487361,"Rat #9"
"274",9,1,33,0.3029193114,0.148213392943541,0.305393902311224,2.77555756156289e-17,15.5008505365288,4.21621817163361,"Rat #9"
"275",9,1,36,0.3165542266,0.253476012116523,0.285264704719251,3.92523114670944e-17,13.2725584605901,3.61012462082231,"Rat #9"
"276",9,1,39,0.5423555024,0.300244560615324,0.267371361686374,2.77555756156289e-17,11.483106375762,3.12339517461935,"Rat #9"
"277",9,1,42,0.3029468154,0.0961611499553409,0.25141413475774,3.92523114670944e-17,10.0265034430536,2.72720041490163,"Rat #9"
"278",9,1,45,0.3045787518,0.311799171990858,0.237129024942949,2.40370335797945e-17,8.82635333201981,2.40076060471804,"Rat #9"
"279",9,1,48,0.293078364333333,0.0959914573675113,0.22428888531866,4.80740671595891e-17,8.84860149186409,0.398796826271233,"Rat #9"
"280",9,1,51,0.2589065145,0.0948601106433232,0.212700407700828,2.77555756156289e-17,8.03782328912739,0.368455166014922,"Rat #9"
"281",9,1,54,0.2787792775,0.0278065421279176,0.20219980114772,2.77555756156289e-17,7.21651090296211,0.330806068652457,"Rat #9"
"282",9,11,3,0.5711370614,0.188020950543758,0.252124168096866,2.77555756156289e-17,160.614356623879,8.56756242621045,"Rat #9"
"283",9,11,6,0.5100198078,0.0845457054389547,0.398558408794247,2.77555756156289e-17,126.949754338764,6.77181024257043,"Rat #9"
"284",9,11,9,0.487663243,0.230892487787652,0.46491181602335,3.92523114670944e-17,98.7231976226632,5.26613670363219,"Rat #9"
"285",9,11,12,0.422442393,0.281663721275797,0.483643517140343,3.92523114670944e-17,77.025630790541,4.10873544611943,"Rat #9"
"286",9,11,15,0.519684809,0.274237767107305,0.477498447333913,6.79869977755259e-17,60.8375678431367,3.24522459455779,"Rat #9"
"287",9,11,18,0.3772953548,0.202126296549505,0.459597958829669,4.80740671595891e-17,48.7974047472212,2.60297286118643,"Rat #9"
"288",9,11,21,0.3078333274,0.101383431815271,0.436912776979842,5.55111512312578e-17,39.7618506247902,2.12099431564076,"Rat #9"
"289",9,11,24,0.3967697714,0.194679850442982,0.412986637732431,2.77555756156289e-17,32.8863668715055,1.75423920417456,"Rat #9"
"290",9,11,27,0.4339715422,0.156865073849803,0.389549085852813,0,27.5733519497122,1.47082999985015,"Rat #9"
"291",9,11,30,0.3571429746,0.146632595259903,0.367388402355804,2.77555756156289e-17,23.4042822315952,1.24844162922126,"Rat #9"
"292",9,11,33,0.2992805266,0.130584818372659,0.346810267815109,3.92523114670944e-17,20.0848755869867,1.0713763640516,"Rat #9"
"293",9,11,36,0.4429988504,0.295543288662265,0.327877115192247,3.92523114670944e-17,17.4060306296061,0.928480225219857,"Rat #9"
"294",9,11,39,0.3265482528,0.163974213450631,0.310533110490403,2.77555756156289e-17,15.2171893739478,0.811722081719446,"Rat #9"
"295",9,11,42,0.3825152002,0.0817530408423015,0.294669409288837,0,13.4083982583765,0.715236741776128,"Rat #9"
"296",9,11,45,0.2870052668,0.142650571672103,0.280158003212892,6.20633538311818e-17,11.898210784717,0.634679650070075,"Rat #9"
"297",9,11,48,0.27510457225,0.117475363388206,0.266868922293492,3.20493781063927e-17,10.5389595286768,0.615178881506828,"Rat #9"
"298",9,11,51,0.32255920225,0.0581170763655064,0.254678577734739,3.20493781063927e-17,9.46592833312801,0.552544033265551,"Rat #9"
"299",9,11,54,0.332073531333333,0.0840660334940917,0.243473396173647,0,8.45461368212989,0.567844703216828,"Rat #9"
"300",9,11,57,0.330181145333333,0.0453577132256746,0.233150980639763,3.3993498887763e-17,7.67005370783598,0.51515060712816,"Rat #9"
"301",9,11,60,0.307112719,0.193147365622518,0.223620009428618,0,7.04021012184041,0.651704872150634,"Rat #9"
"302",9,11,63,0.344940867,NA,0.214799529961385,NA,6.86206079350608,NA,"Rat #9"
"303",9,18,3,0.3915627436,0.0929665139146287,0.236710915474633,4.80740671595891e-17,148.072935102387,13.6124242576342,"Rat #9"
"304",9,18,6,0.3707820022,0.0681265579087417,0.362120661534511,6.20633538311818e-17,113.261082842585,10.4121520280952,"Rat #9"
"305",9,18,9,0.3121414258,0.176720820655386,0.411762177924273,6.79869977755259e-17,85.8583617731143,7.89300519850529,"Rat #9"
"306",9,18,12,0.5684955602,0.527230792665602,0.420487122581419,4.80740671595891e-17,65.7582290708307,6.04518923005001,"Rat #9"
"307",9,18,15,0.311152118,0.0778609635512402,0.409699277278258,2.77555756156289e-17,51.2569303145798,4.71207706596481,"Rat #9"
"308",9,18,18,0.3637678334,0.245932395690552,0.390633914743727,2.77555756156289e-17,40.7264068569734,3.74400040252332,"Rat #9"
"309",9,18,21,0.2857651618,0.0187783397328454,0.36881889108252,5.55111512312578e-17,32.9588855034376,3.02992800285453,"Rat #9"
"310",9,18,24,0.5115851164,0.325669256002974,0.346866323253298,3.92523114670944e-17,27.1224895086182,2.49338499205985,"Rat #9"
"311",9,18,27,0.2870992708,0.120415942811723,0.325944600247971,3.92523114670944e-17,22.6547190801241,2.08266046285186,"Rat #9"
"312",9,18,30,0.2147159102,0.0918200661392738,0.306515777602166,3.92523114670944e-17,19.1738901240517,1.76266599198146,"Rat #9"
"313",9,18,33,0.2819132726,0.122861365253017,0.288700869489388,3.92523114670944e-17,16.4177185669657,1.50928966405268,"Rat #9"
"314",9,18,36,0.2852173728,0.108621879624143,0.272461167895064,3.92523114670944e-17,14.203022264081,1.30569144635114,"Rat #9"
"315",9,18,39,0.3207163792,0.138942222086467,0.257688506617688,0,12.3996405685629,1.13990560087662,"Rat #9"
"316",9,18,42,0.2146313932,0.0461125382749627,0.244250020721562,1.38777878078145e-17,10.9134980092073,1.00328371915808,"Rat #9"
"317",9,18,45,0.376763374,0.346373953283167,0.232009923098512,3.10316769155909e-17,9.67548404409689,0.889472432049429,"Rat #9"
"318",9,18,48,0.38295351625,0.347967032209411,0.220839591390811,2.77555756156289e-17,8.79403956629903,0.818145326202594,"Rat #9"
"319",9,18,51,0.3690241115,0.00228455382267624,0.210621711446004,2.77555756156289e-17,8.04659599392062,0.238962918985708,"Rat #9"
"320",9,18,54,0.253703825,0.0459763643412482,0.201251437168896,0,7.26146863772338,0.215646683778402,"Rat #9"
"321",9,18,57,0.132904309,NA,0.192636103421484,NA,6.72306760102503,NA,"Rat #9"
"322",9,18,60,1.156515035,NA,0.184694290670119,NA,6.12360077193135,NA,"Rat #9"
"323",10,1,3,0.490657776,0.178852112078725,0.298823624281254,3.92523114670944e-17,173.818729693172,35.9913786795841,"Rat #10"
"324",10,1,6,0.4515946156,0.0695804000807402,0.493215814611458,2.77555756156289e-17,143.446065495239,29.7023322656256,"Rat #10"
"325",10,1,9,0.4574724802,0.162342711047814,0.582719677856976,7.85046229341888e-17,112.984813272307,23.3949425743929,"Rat #10"
"326",10,1,12,0.547389493,0.209314469085623,0.603662905727951,1.11022302462516e-16,87.7841566985372,18.1768261186937,"Rat #10"
"327",10,1,15,0.5060897268,0.0898964914947778,0.589008285390352,9.61481343191782e-17,68.5224752169818,14.1884499901145,"Rat #10"
"328",10,1,18,0.5284973442,0.116365262318354,0.55885883402781,9.61481343191782e-17,54.1791906190861,11.2184904904497,"Rat #10"
"329",10,1,21,0.5082489304,0.0432511946071692,0.523631827807322,5.55111512312578e-17,43.5120594513625,9.00972531330196,"Rat #10"
"330",10,1,24,0.4103257938,0.107987269991063,0.488255397748204,5.55111512312578e-17,35.5008465305228,7.35090178820953,"Rat #10"
"331",10,1,27,0.540279603,0.166598233093536,0.454861278013611,3.92523114670944e-17,29.3980213322997,6.08723421272853,"Rat #10"
"332",10,1,30,0.451794055,0.144875437816019,0.424226278411378,3.92523114670944e-17,24.6762527538736,5.10953197521085,"Rat #10"
"333",10,1,33,0.3689947472,0.104485814344607,0.396495159821636,3.92523114670944e-17,20.9665439013197,4.34138957571823,"Rat #10"
"334",10,1,36,0.3849828322,0.100465601221718,0.371533840258456,5.55111512312578e-17,18.0093804796171,3.72907127885925,"Rat #10"
"335",10,1,39,0.3683794378,0.102646970142537,0.349099399143441,3.92523114670944e-17,15.6202288330072,3.23436704423576,"Rat #10"
"336",10,1,42,0.3503061684,0.144638757644987,0.328920275869785,3.92523114670944e-17,13.6660892619298,2.82973759251006,"Rat #10"
"337",10,1,45,0.3023935428,0.098352394155655,0.310732565259697,3.92523114670944e-17,12.0497255190029,2.49504892197194,"Rat #10"
"338",10,1,48,0.3112203688,0.0718907994033651,0.29429494188621,3.92523114670944e-17,10.6990313008269,2.21537050542553,"Rat #10"
"339",10,1,51,0.2115982012,0.0806929167375524,0.27939332354496,2.77555756156289e-17,9.55979865462083,1.97947789680891,"Rat #10"
"340",10,1,54,0.377475261,0.286277781341508,0.265840774088702,4.53246651836839e-17,8.33410826768079,1.94418887031971,"Rat #10"
"341",10,1,57,0.46389091,0.221604953984631,0.253475365429216,3.92523114670944e-17,7.93933760822895,1.90057654126998,"Rat #10"
"342",10,1,60,0.226355302,NA,0.242157328490574,NA,8.30748967075239,NA,"Rat #10"
"343",10,1,63,0.300960206,NA,0.231766124161035,NA,7.57238788871984,NA,"Rat #10"
"344",10,11,3,0.3314401576,0.307230542978076,0.258822198631145,2.77555756156289e-17,129.801920835506,15.7464892165125,"Rat #10"
"345",10,11,6,0.4574813766,0.174186102629197,0.373835239433698,3.92523114670944e-17,93.7410554641969,11.3718850191908,"Rat #10"
"346",10,11,9,0.3570695528,0.0730284137417146,0.396564804012826,5.55111512312578e-17,66.2937382868241,8.04220483284432,"Rat #10"
"347",10,11,12,0.4582095502,0.160107938655495,0.380636686563252,3.92523114670944e-17,47.7232761695841,5.78939085603616,"Rat #10"
"348",10,11,15,0.3445729482,0.061133092269164,0.352580156233458,2.77555756156289e-17,35.3644948305283,4.29012631640504,"Rat #10"
"349",10,11,18,0.3598012576,0.110623450405911,0.322886873760132,5.55111512312578e-17,26.9884993432406,3.2740202236048,"Rat #10"
"350",10,11,21,0.297147974,0.140468775293795,0.295205815487979,3.92523114670944e-17,21.1498097893395,2.56571897885218,"Rat #10"
"351",10,11,24,0.232906069,0.045048176715071,0.270536203560149,2.77555756156289e-17,16.9595764309313,2.05739472626688,"Rat #10"
"352",10,11,27,0.2431836134,0.0803156821373903,0.24890577924376,1.38777878078145e-17,13.8698597053931,1.68257599640832,"Rat #10"
"353",10,11,30,0.2523640976,0.124628399412857,0.230020740230676,0,11.5357701433086,1.39942366797464,"Rat #10"
"354",10,11,33,0.2479410612,0.0953859216730651,0.213512864640489,2.40370335797945e-17,9.73443970416835,1.18090124432542,"Rat #10"
"355",10,11,36,0.2124503794,0.0769015568406811,0.19902916729419,1.96261557335472e-17,8.31792647414245,1.00906164320028,"Rat #10"
"356",10,11,39,0.1571283962,0.0651715182372981,0.186259973443367,1.96261557335472e-17,7.18547994473715,0.871682651049961,"Rat #10"
"357",10,11,42,0.22908094475,0.0752481659233978,0.174943376649624,2.2662332591842e-17,5.98997791011328,0.509491250282697,"Rat #10"
"358",10,11,45,0.145583953,NA,0.164861271573958,NA,5.91434316395854,NA,"Rat #10"
"359",10,18,3,0.5892192548,0.172363744606603,0.291148605533952,4.80740671595891e-17,164.209948610923,36.103732772785,"Rat #10"
"360",10,18,6,0.8598939306,0.87715811993559,0.485233465734514,8.77708367144175e-17,136.837616526507,30.0855629158222,"Rat #10"
"361",10,18,9,0.9764887184,0.896663396986609,0.584964233099477,9.61481343191782e-17,109.974705735271,24.179396079342,"Rat #10"
"362",10,18,12,0.577555886,0.193604016981175,0.619670214224845,5.55111512312578e-17,87.3746362677625,19.2104713850495,"Rat #10"
"363",10,18,15,0.6215349298,0.253983158076798,0.617184098914812,7.85046229341888e-17,69.6192715609358,15.3067192185016,"Rat #10"
"364",10,18,18,0.6436853722,0.178625453579363,0.595988353888531,7.85046229341888e-17,56.0236336957322,12.3175381091165,"Rat #10"
"365",10,18,21,0.4472837798,0.109383719614303,0.566661790855124,9.61481343191782e-17,45.6573436517271,10.0383719029282,"Rat #10"
"366",10,18,24,0.5129238792,0.126847550982947,0.534812252338327,9.61481343191782e-17,37.7047540344167,8.2898897139757,"Rat #10"
"367",10,18,27,0.4494385076,0.155912395411478,0.503250728850777,7.85046229341888e-17,31.5374557307981,6.9339274731527,"Rat #10"
"368",10,18,30,0.5589560686,0.188672116506538,0.473290439592508,6.79869977755259e-17,26.6939278726732,5.86901370302775,"Rat #10"
"369",10,18,33,0.5076069388,0.121613458530768,0.445463933570389,6.79869977755259e-17,22.8404477517465,5.02177504478534,"Rat #10"
"370",10,18,36,0.5581635214,0.260466561461319,0.419906723690773,3.92523114670944e-17,19.7358726231308,4.33919307113066,"Rat #10"
"371",10,18,39,0.3870823928,0.189517978277162,0.396559936604571,4.80740671595891e-17,17.2048240270138,3.78270850413493,"Rat #10"
"372",10,18,42,0.5241915544,0.203381017220894,0.375276559585903,3.92523114670944e-17,15.1184808310395,3.3239983111353,"Rat #10"
"373",10,18,45,0.5232934134,0.291619898983338,0.355876549459188,5.55111512312578e-17,13.3811322437563,2.94201920658624,"Rat #10"
"374",10,18,48,0.3531308066,0.209069624849142,0.338174791075987,5.55111512312578e-17,11.9208163822078,2.62094941711735,"Rat #10"
"375",10,18,51,0.3495825415,0.261640636384805,0.321994634614599,5.55111512312578e-17,11.5570345823973,1.50335970554234,"Rat #10"
"376",10,18,54,0.274055581333333,0.0497577395062569,0.307173804679499,0,10.7280830511234,1.46789018136491,"Rat #10"
"377",10,18,57,0.175752386666667,0.0901291111808127,0.293566328125061,3.92523114670944e-17,9.71321708133882,1.32902923245641,"Rat #10"
"378",10,18,60,0.454847534,0.425154565051029,0.281042445987091,5.55111512312578e-17,8.60551969612474,1.61525321334773,"Rat #10"
"379",10,18,63,0.272220542,NA,0.269487567922731,NA,6.81572557500575,NA,"Rat #10"
"380",13,1,3,1.1356237806,0.681164348536328,0.287260624448997,4.80740671595891e-17,132.202893076834,29.2721801627104,"Rat #13"
"381",13,1,6,0.6036341998,0.258275387061925,0.456445269290234,5.55111512312578e-17,105.032468767953,23.2561427148413,"Rat #13"
"382",13,1,9,0.5077412278,0.0978428231655188,0.522056200181557,7.85046229341888e-17,80.0867854700298,17.7327043181163,"Rat #13"
"383",13,1,12,0.514913701,0.194756188831633,0.528009340708675,7.85046229341888e-17,60.7500266936798,13.4511861645368,"Rat #13"
"384",13,1,15,0.3654634282,0.106203673314299,0.50663521082478,5.55111512312578e-17,46.6326637937946,10.3253393648936,"Rat #13"
"385",13,1,18,0.4521987432,0.114603407967435,0.475182096057233,7.85046229341888e-17,36.4479979098993,8.07026485243849,"Rat #13"
"386",13,1,21,0.3330454074,0.119192963245458,0.441675563412837,7.85046229341888e-17,29.0382333347829,6.42960511680006,"Rat #13"
"387",13,1,24,0.4044315096,0.0939052255083507,0.409520727417544,4.80740671595891e-17,23.5586695197855,5.21632774084693,"Rat #13"
"388",13,1,27,0.4814935842,0.0750080001561487,0.379977410740116,9.20548301573787e-17,19.4303278502825,4.30223608740118,"Rat #13"
"389",13,1,30,0.386058621,0.107805441156935,0.353350638673582,5.55111512312578e-17,16.2618795363263,3.60068268169427,"Rat #13"
"390",13,1,33,0.4116171998,0.0622960564465907,0.329541831890256,5.55111512312578e-17,13.787411107089,3.05278933396339,"Rat #13"
"391",13,1,36,0.2987481194,0.107881449787617,0.308299830256398,5.55111512312578e-17,11.8237951956149,2.618008238079,"Rat #13"
"392",13,1,39,0.4124209704,0.213912141374014,0.289333088340785,5.55111512312578e-17,10.2428216174977,2.26795127386238,"Rat #13"
"393",13,1,42,0.35186069975,0.164213090657141,0.272357785525,5.55111512312578e-17,9.59952575096874,1.56673436156047,"Rat #13"
"394",13,1,45,0.22818213625,0.0917990282465403,0.257116436415234,4.53246651836839e-17,8.45817371354789,1.38045479920982,"Rat #13"
"395",13,1,48,0.207112188666667,0.120579059101404,0.243383112543535,4.80740671595891e-17,8.00329872228835,0.875944771125954,"Rat #13"
"396",13,1,51,0.153448068,NA,0.230962824517044,NA,7.58427571519968,NA,"Rat #13"
"397",13,1,54,0.133369557,NA,0.219688598679378,NA,6.81327574037644,NA,"Rat #13"
"398",13,11,3,0.9388050658,0.547999881884497,0.28216256023246,5.55111512312578e-17,153.314720077669,17.4050129928551,"Rat #13"
"399",13,11,6,0.5455762648,0.0613037805823447,0.518809017167903,0,140.948996166142,16.0011974607447,"Rat #13"
"400",13,11,9,0.6740275756,0.127598395610582,0.708234314095214,5.55111512312578e-17,128.274454656506,14.5623234925965,"Rat #13"
"401",13,11,12,0.5904725878,0.205096328382302,0.853467021434031,1.11022302462516e-16,115.934106724577,13.1613887618494,"Rat #13"
"402",13,11,15,0.8287118642,0.134916530710721,0.960131210938979,5.55111512312578e-17,104.338610850192,11.8450131636679,"Rat #13"
"403",13,11,18,0.8819079652,0.152228332010963,1.03475862453108,1.11022302462516e-16,93.7070511984512,10.6380681698726,"Rat #13"
"404",13,11,21,0.788448086,0.193116167357791,1.08371509964507,0,84.1204430975353,9.54975102413917,"Rat #13"
"405",13,11,24,0.9758815706,0.323161464058733,1.11264918600431,0,75.5705763888194,8.57912967038402,"Rat #13"
"406",13,11,27,0.922322516,0.293295889821578,1.12629408065865,1.11022302462516e-16,67.9976273878177,7.71941264066964,"Rat #13"
"407",13,11,30,0.9836114922,0.432556751728873,1.12847129679465,1.57009245868378e-16,61.3161649941152,6.96090139194707,"Rat #13"
"408",13,11,33,0.8876461438,0.26092240595452,1.12219023773965,1.11022302462516e-16,55.4317089833878,6.2928700817721,"Rat #13"
"409",13,11,36,1.1558249664,0.0485999443604011,1.1097804275174,1.11022302462516e-16,50.2504878311786,5.70467332266526,"Rat #13"
"410",13,11,39,1.196409593,0.0977046429100733,1.09302332473425,0,45.6846755103309,5.18634068815349,"Rat #13"
"411",13,11,42,0.9864624652,0.179663835440639,1.07326908062462,0,41.6547996122765,4.72885009410161,"Rat #13"
"412",13,11,45,1.0228049296,0.422622087521294,1.05153368048953,0,38.0904756330712,4.32421115834003,"Rat #13"
"413",13,11,48,1.2375191272,0.24500176505529,1.02857683132193,1.11022302462516e-16,34.9302120474851,3.96544307175247,"Rat #13"
"414",13,11,51,1.1276834134,0.439772448244101,1.00496299711004,1.11022302462516e-16,32.120745544572,3.64649913107005,"Rat #13"
"415",13,11,54,1.3154616518,0.153902452803344,0.98110854151271,5.55111512312578e-17,29.6161784823433,3.36216881864158,"Rat #13"
"416",13,11,57,1.2060634824,0.188583837846576,0.957317811166547,7.85046229341888e-17,27.3770724528532,3.1079748996499,"Rat #13"
"417",13,11,60,1.2554933706,0.147199110824297,0.933810601769419,1.57009245868378e-16,25.3695796667512,2.88007481277326,"Rat #13"
"418",13,11,63,1.2625423678,0.203704066460239,0.91074299886464,7.85046229341888e-17,23.5646510900522,2.67517077412187,"Rat #13"
"419",13,11,66,1.0595086818,0.171486479204045,0.888223166464886,5.55111512312578e-17,21.9373357653497,2.49043023286419,"Rat #13"
"420",13,11,69,0.8065229038,0.475088910740916,0.866323301623754,5.55111512312578e-17,20.4661723424816,2.32341679490688,"Rat #13"
"421",13,11,72,0.919174454,0.397819777994229,0.845088686681087,7.85046229341888e-17,19.1326670183454,2.17203095615067,"Rat #13"
"422",13,11,75,0.9825715808,0.359061763843411,0.824544546567289,1.11022302462516e-16,17.9208490657846,2.0344596440248,"Rat #13"
"423",13,11,78,1.1179076618,0.408501856882299,0.804701245944474,5.55111512312578e-17,16.816894238131,1.90913346458748,"Rat #13"
"424",13,11,81,0.9608895482,0.438575718366801,0.785558229630255,5.55111512312578e-17,15.8088065710732,1.79469057916729,"Rat #13"
"425",13,11,84,0.5861900954,0.342735531426357,0.767107010494472,5.55111512312578e-17,14.8861498855084,1.68994622329549,"Rat #13"
"426",13,11,87,0.808620562,0.0677854763598354,0.749333434289534,1.11022302462516e-16,14.0067214273276,2.92524663834716,"Rat #13"
"427",13,11,90,0.32064985,NA,0.732219394709678,NA,15.1844403766472,NA,"Rat #13"
"428",13,11,93,0.807782507,NA,0.715744129775801,NA,14.3639841820533,NA,"Rat #13"
"429",13,18,3,0.824087796,0.378061529478454,0.271829074636503,3.92523114670944e-17,138.674508522728,28.1156494050082,"Rat #13"
"430",13,18,6,0.4602710386,0.115541410917236,0.489595832766535,6.20633538311818e-17,124.884473035978,25.3197800908976,"Rat #13"
"431",13,18,9,0.6233835022,0.710911722884105,0.654156553411012,9.61481343191782e-17,111.240048748158,22.5534328097989,"Rat #13"
"432",13,18,12,0.6625429348,0.115759329110037,0.771910105611159,7.85046229341888e-17,98.4481283528045,19.9599269601381,"Rat #13"
"433",13,18,15,0.7270193566,0.283868052577927,0.851400147678782,1.84109660314757e-16,86.8689246677646,17.6122941135115,"Rat #13"
"434",13,18,18,0.9589508632,0.58828695548429,0.901138455865518,1.75541673428835e-16,76.6197978424412,15.5343285263392,"Rat #13"
"435",13,18,21,0.757017005,0.227152794268723,0.928548747068446,1.35973995551052e-16,67.6717483542083,13.7201506723857,"Rat #13"
"436",13,18,24,0.9070637956,0.187705084866993,0.939641718632761,1.35973995551052e-16,59.9201693624457,12.1485519727451,"Rat #13"
"437",13,18,27,1.0064926988,0.0959329431852515,0.939069284541136,1.11022302462516e-16,53.2299250821788,10.7921342387171,"Rat #13"
"438",13,18,30,1.2481663056,0.439078553050059,0.930330548692938,1.11022302462516e-16,47.4611230517531,9.62253488623214,"Rat #13"
"439",13,18,33,0.9189680174,0.29869687125216,0.916009096149512,9.61481343191782e-17,42.4822812513025,8.61309651146748,"Rat #13"
"440",13,18,36,0.964879197,0.361601764375788,0.897988683258253,1.66533453693773e-16,38.1759933383174,7.74001549255281,"Rat #13"
"441",13,18,39,1.0562135292,0.122623700354821,0.877630218480292,9.61481343191782e-17,34.4404601070602,6.98265248626121,"Rat #13"
"442",13,18,42,0.7028945478,0.373435478862845,0.855909354018935,1.11022302462516e-16,31.1889292845671,6.32341884910135,"Rat #13"
"443",13,18,45,0.995373335,0.217711068461717,0.833520215555057,1.24126707662364e-16,28.3482077577421,5.7474749978752,"Rat #13"
"444",13,18,48,1.0104617814,0.134412923187326,0.810952212666002,1.92296268638356e-16,25.8568734041002,5.24236786619088,"Rat #13"
"445",13,18,51,1.005879055,0.354310864000527,0.788546331967259,1.35973995551052e-16,23.6635023376983,4.7976714863372,"Rat #13"
"446",13,18,54,0.9352627666,0.127093499219523,0.766536163604921,7.85046229341888e-17,21.7250543879776,4.40465965218838,"Rat #13"
"447",13,18,57,0.7539662052,0.412600822732149,0.745077723422951,1.35973995551052e-16,20.0054675892963,4.05602095811088,"Rat #13"
"448",13,18,60,0.7890461098,0.360114085396032,0.724271114112604,9.61481343191782e-17,18.4744661550796,3.74561712094172,"Rat #13"
"449",13,18,63,0.5839113318,0.339829599351823,0.704176263626971,9.61481343191782e-17,17.106565149691,3.46828118156855,"Rat #13"
"450",13,18,66,0.485335076,0.198451870597754,0.684824370077748,1.11022302462516e-16,16.6023476576337,3.21641690586412,"Rat #13"
"451",13,18,69,1.02651904575,0.176820198627348,0.666226232636274,6.40987562127855e-17,15.449231146308,2.99302058156454,"Rat #13"
"452",13,18,72,0.99950213425,0.168331772684125,0.648378320537667,6.40987562127855e-17,14.408879898918,2.79147057134032,"Rat #13"
"453",13,18,75,0.502407216,0.429615926593492,0.631267195708548,0,15.4191641844581,2.25591121668928,"Rat #13"
"454",13,18,78,0.446914571,NA,0.61487273422471,NA,15.9350575461351,NA,"Rat #13"
"455",13,18,81,0.817686251,NA,0.599170469322566,NA,14.953001792742,NA,"Rat #13"
"456",13,18,84,0.192105384,NA,0.584133290542445,NA,14.0570980972265,NA,"Rat #13"
"457",13,18,87,0.982495765,NA,0.569732670028523,NA,13.2377713313696,NA,"Rat #13"
"458",14,1,3,0.326654494,0.199656025727531,0.253723542503383,0,129.628372759148,28.2619521212327,"Rat #14"
"459",14,1,6,0.4625992544,0.552194725464726,0.375890550278307,3.92523114670944e-17,96.021992849694,20.9349921374515,"Rat #14"
"460",14,1,9,0.3501370592,0.150645481402761,0.410274496895541,3.92523114670944e-17,69.8702938539732,15.233323211319,"Rat #14"
"461",14,1,12,0.2777154488,0.0720459134912716,0.40339914870739,3.92523114670944e-17,51.5245596678001,11.2335332721069,"Rat #14"
"462",14,1,15,0.3196306036,0.0584953384607991,0.380767383377147,5.55111512312578e-17,38.9071158473836,8.48264173844926,"Rat #14"
"463",14,1,18,0.2983224038,0.122384919413479,0.353792439560397,4.80740671595891e-17,30.1256620901941,6.56808383451234,"Rat #14"
"464",14,1,21,0.4000310544,0.176568986533383,0.32711969068509,3.92523114670944e-17,23.8752512071108,5.20535120618605,"Rat #14"
"465",14,1,24,0.2574316342,0.0992199621166615,0.302448614350792,3.92523114670944e-17,19.3152758582846,4.21117221404537,"Rat #14"
"466",14,1,27,0.2388169062,0.0641915801480534,0.280245207918213,2.77555756156289e-17,15.9087108562496,3.46846307609868,"Rat #14"
"467",14,1,30,0.269463453,0.0864812636191744,0.260479266956198,2.77555756156289e-17,13.3079899404989,2.90144639265854,"Rat #14"
"468",14,1,33,0.2033268552,0.051009293561623,0.242938818913406,2.40370335797945e-17,11.2834922125577,2.46005955242621,"Rat #14"
"469",14,1,36,0.2794562528,0.060961832490125,0.227362777169028,1.38777878078145e-17,9.68004602556376,2.11047158490621,"Rat #14"
"470",14,1,39,0.2370584022,0.108401527843113,0.213494964719772,1.96261557335472e-17,8.39041780424541,1.82930311638882,"Rat #14"
"471",14,1,42,0.250038126,0.0830054174243232,0.201103993197243,1.96261557335472e-17,7.33891675288887,1.60005182104101,"Rat #14"
"472",14,1,45,0.1889177255,0.00813545090084823,0.189988466271957,2.77555756156289e-17,7.89144537439036,0.600180941950858,"Rat #14"
"473",14,1,48,0.212051599,NA,0.179976129264719,NA,7.38524547432386,NA,"Rat #14"
"474",14,1,51,0.14537784,NA,0.170920791970252,NA,6.60109504141426,NA,"Rat #14"
"475",14,11,3,0.3132400638,0.162426773922497,0.178789122731565,0,80.8735909691444,16.6391539767021,"Rat #14"
"476",14,11,6,0.2091330034,0.0657137126351779,0.302403273205382,3.92523114670944e-17,68.3946491019522,14.0717023190436,"Rat #14"
"477",14,11,9,0.3922973298,0.159827800236324,0.384461377833159,3.92523114670944e-17,57.9691719855454,11.9267361200447,"Rat #14"
"478",14,11,12,0.3642842736,0.155584103778184,0.436609731692921,4.80740671595891e-17,49.3740842767826,10.158359247996,"Rat #14"
"479",14,11,15,0.4645264972,0.15344007741807,0.467778871635018,3.92523114670944e-17,42.319081329593,8.7068436303803,"Rat #14"
"480",14,11,18,0.4091970764,0.127530435158811,0.484454726754446,3.92523114670944e-17,36.5230956783207,7.51436167746354,"Rat #14"
"481",14,11,21,0.5858915968,0.104252135779663,0.491219754716973,6.20633538311818e-17,31.7426673326446,6.53082326442777,"Rat #14"
"482",14,11,24,0.4261371276,0.131872737457147,0.491268919939995,1.17756934401283e-16,27.7776138447839,5.71504230651847,"Rat #14"
"483",14,11,27,0.5495384344,0.240115852099921,0.486817657762696,6.79869977755259e-17,24.4674915397204,5.03400868286398,"Rat #14"
"484",14,11,30,0.3676276244,0.0863227142910536,0.479400048225766,3.92523114670944e-17,21.6852137414475,4.46157523287553,"Rat #14"
"485",14,11,33,0.5146499842,0.298634521085251,0.47007880042339,3.92523114670944e-17,19.3305234517621,3.97711480731499,"Rat #14"
"486",14,11,36,0.5400453916,0.291828321263929,0.459590603408942,4.80740671595891e-17,17.3242933283114,3.5643475301759,"Rat #14"
"487",14,11,39,0.352146586,0.160555251634021,0.448446075604539,3.92523114670944e-17,15.6038766771544,3.21038429916759,"Rat #14"
"488",14,11,42,0.544068455,0.245126318994361,0.436998451087289,7.85046229341888e-17,15.0928860280524,2.22137680537434,"Rat #14"
"489",14,11,45,0.52866006025,0.129978724265546,0.425490912611301,3.20493781063927e-17,13.7157468447934,2.0186889275372,"Rat #14"
"490",14,11,48,0.51603645675,0.210974272778134,0.414089361939824,4.53246651836839e-17,12.5139530550556,1.84180845256347,"Rat #14"
"491",14,11,51,0.47503422975,0.132855638374014,0.40290523541204,4.53246651836839e-17,11.4597309094901,1.68664762927768,"Rat #14"
"492",14,11,54,0.443783804,0.220645837717236,0.392011483558316,5.55111512312578e-17,11.081245107084,1.33524620910387,"Rat #14"
"493",14,11,57,0.432923977333333,0.0837273345628674,0.381453829157039,3.92523114670944e-17,10.2152889303426,1.23090191466128,"Rat #14"
"494",14,11,60,0.372957416333333,0.118513890804003,0.371258743124571,3.92523114670944e-17,9.44515243286074,1.13810351260286,"Rat #14"
"495",14,11,63,0.578140773,NA,0.361439123621755,NA,7.62802927581347,NA,"Rat #14"
"496",14,18,3,0.6332281738,0.372686856527681,0.214062620017781,1.96261557335472e-17,76.4899970520604,4.57068137839336,"Rat #14"
"497",14,18,6,0.3202300748,0.245992694433627,0.380312057273414,3.92523114670944e-17,67.9475663179542,4.06022601707311,"Rat #14"
"498",14,18,9,0.8886116114,0.584185594272858,0.505526343304972,7.85046229341888e-17,60.2124563767434,3.59801233775953,"Rat #14"
"499",14,18,12,0.7043903536,0.538575402117263,0.597171902310174,5.55111512312578e-17,53.3461622625709,3.18771499358707,"Rat #14"
"500",14,18,15,0.4739939844,0.259823547597019,0.662222783607665,1.24126707662364e-16,47.3257953787073,2.82796626999328,"Rat #14"
"501",14,18,18,0.554451529,0.139373457482923,0.706657183408838,7.85046229341888e-17,42.0844189356596,2.51476634021576,"Rat #14"
"502",14,18,21,0.9131991718,0.360912634672286,0.735348865577274,1.11022302462516e-16,37.536968358384,2.24303214654634,"Rat #14"
"503",14,18,24,0.7157724652,0.190006099746421,0.752150947890476,5.55111512312578e-17,33.5953235214934,2.00749804600305,"Rat #14"
"504",14,18,27,0.8480252808,0.186190869403552,0.760052005056357,7.85046229341888e-17,30.1762040063812,1.80318759364955,"Rat #14"
"505",14,18,30,0.688673717,0.340497190229875,0.761342817211954,0,27.20470759412,1.62562498623775,"Rat #14"
"506",14,18,33,0.6171861098,0.207175358319263,0.757766739831656,5.55111512312578e-17,24.6153866272054,1.47089938050782,"Rat #14"
"507",14,18,36,0.842735256,0.177628352781587,0.750644903903984,7.85046229341888e-17,22.3520367085383,1.33565226683623,"Rat #14"
"508",14,18,39,0.8066596528,0.267742763042744,0.740976008452263,5.55111512312578e-17,20.3668845547852,1.21702893918384,"Rat #14"
"509",14,18,42,0.7316450826,0.304126122318245,0.729513871989475,7.85046229341888e-17,18.6195562485664,1.11261684271405,"Rat #14"
"510",14,18,45,0.8103566584,0.274255733673238,0.716826810080502,5.55111512312578e-17,17.0760252569524,1.02038271234088,"Rat #14"
"511",14,18,48,0.7398146438,0.0995653780964374,0.70334271496259,0,15.7076356294737,0.938614203650171,"Rat #14"
"512",14,18,51,0.7477240048,0.198472672444021,0.689383131285908,5.55111512312578e-17,14.4902386577126,0.865868303749642,"Rat #14"
"513",14,18,54,0.6696654234,0.263921372224436,0.675188970974168,5.55111512312578e-17,13.4034513397964,0.800927020605221,"Rat #14"
"514",14,18,57,0.6140924602,0.201889146864762,0.660939920601774,1.24126707662364e-16,12.4300303917019,0.742759976909752,"Rat #14"
"515",14,18,60,0.6646519142,0.258151917985406,0.646769106913404,0,11.5553493358767,0.690493163365851,"Rat #14"
"516",14,18,63,0.973100050333333,0.306066720238878,0.632774201258509,0,10.5483459349793,0.794712029441968,"Rat #14"
"517",14,18,66,1.153039832,NA,0.619025848162431,NA,8.99388282302907,NA,"Rat #14"
"518",15,1,3,0.1713959058,0.0476928139256053,0.216018942514078,2.40370335797945e-17,59.5184031172488,26.5718723436221,"Rat #15"
"519",15,1,6,0.2730104246,0.0734983433681778,0.266325150992038,2.77555756156289e-17,36.6894854509652,16.3799475909275,"Rat #15"
"520",15,1,9,0.2069484048,0.123662216165611,0.253688571820782,2.77555756156289e-17,23.2990966874497,10.4018352387752,"Rat #15"
"521",15,1,12,0.1946348376,0.0664120207932036,0.227570898914696,1.96261557335472e-17,15.6753110881432,6.99821136599001,"Rat #15"
"522",15,1,15,0.2863782858,0.197406258406762,0.201907065090777,1.38777878078145e-17,11.1260484404143,4.96720213183889,"Rat #15"
"523",15,1,18,0.1625803646,0.107874928018113,0.179714387055896,1.96261557335472e-17,8.25260446319813,3.68435880019362,"Rat #15"
"524",15,1,21,0.17656626975,0.0537327772780331,0.161126001867889,1.60246890531964e-17,7.25134144239611,2.27516999847523,"Rat #15"
"525",15,1,24,0.18716118125,0.226897193629207,0.145619429139196,1.60246890531964e-17,5.73429592652458,1.79918407622196,"Rat #15"
"526",15,1,27,0.164103811,NA,0.132612903415585,NA,6.69808128796059,NA,"Rat #15"
"527",15,1,30,0.122483975,NA,0.121608364506081,NA,5.52803249759594,NA,"Rat #15"
"528",15,11,3,0.291625784,0.32154741540408,0.189797064020999,3.92523114670944e-17,63.7907932174579,24.2049460056001,"Rat #15"
"529",15,11,6,0.3892188076,0.166894342448668,0.31878304155264,6.20633538311818e-17,53.5714901329211,20.3273068213239,"Rat #15"
"530",15,11,9,0.2599873838,0.0937064724204046,0.401998643699315,5.55111512312578e-17,45.0372480491132,17.0890516058243,"Rat #15"
"531",15,11,12,0.411276642,0.109425306966178,0.452727226590845,3.92523114670944e-17,38.0404052142957,14.4341511964643,"Rat #15"
"532",15,11,15,0.464799536,0.283273867958955,0.481150865839735,3.92523114670944e-17,32.342961201747,12.2722980866658,"Rat #15"
"533",15,11,18,0.5852214684,0.266847189945482,0.494562369074699,0,27.7037353743344,10.5119780624656,"Rat #15"
"534",15,11,21,0.6766869678,0.301734447849131,0.498011397134473,6.79869977755259e-17,23.9116615109852,9.07310360296924,"Rat #15"
"535",15,11,24,0.5397098598,0.130724384465514,0.494937817236188,2.77555756156289e-17,20.7935750466354,7.88996869111608,"Rat #15"
"536",15,11,27,0.4833136072,0.156239614673796,0.487668268887992,5.55111512312578e-17,18.211700574806,6.91029546506246,"Rat #15"
"537",15,11,30,0.551351438,0.200221669030101,0.477772397443182,5.55111512312578e-17,18.5966137262462,2.55626056071537,"Rat #15"
"538",15,11,33,0.590811164,0.266459601368486,0.466308245682163,3.20493781063927e-17,16.5003525998456,2.26811188368952,"Rat #15"
"539",15,11,36,0.383603046,0.298838126418084,0.453988239354513,4.53246651836839e-17,14.7257075557239,2.02417203515921,"Rat #15"
"540",15,11,39,0.69484954725,0.0591376673614715,0.441290726126257,5.55111512312578e-17,13.2127818096943,1.81620769967333,"Rat #15"
"541",15,11,42,0.453154794,0.14876253694416,0.428534912652924,7.16645880824876e-17,11.9143674170634,1.63772974921383,"Rat #15"
"542",15,11,45,0.396855982333333,0.132601119502576,0.415931377396226,3.92523114670944e-17,10.3417485773114,1.44210186490387,"Rat #15"
"543",15,11,48,0.452813196333333,0.235245317597521,0.403616294999571,3.92523114670944e-17,9.40832386534938,1.31194075067789,"Rat #15"
"544",15,11,51,0.505940429,0.267387954733982,0.391674762698059,5.55111512312578e-17,8.95172670146413,1.44880508663144,"Rat #15"
"545",15,11,54,0.143773796,NA,0.380156795981703,NA,9.14488292555987,NA,"Rat #15"
"546",15,18,3,0.2203589482,0.146808257655381,0.185975246078554,3.67171752872013e-17,49.004477341699,16.2111988266395,"Rat #15"
"547",15,18,6,0.2766190626,0.062324430789755,0.318308994339388,3.92523114670944e-17,41.9372100042143,13.8732721272053,"Rat #15"
"548",15,18,9,0.3884559132,0.188251242807236,0.408978082993332,8.77708367144175e-17,35.921908289581,11.883346769606,"Rat #15"
"549",15,18,12,0.39026391,0.191790764982272,0.468739736908049,4.80740671595891e-17,30.8782301688177,10.214844761858,"Rat #15"
"550",15,18,15,0.5399575992,0.224880894742512,0.506191008880643,7.85046229341888e-17,26.6762661680099,8.82479067752409,"Rat #15"
"551",15,18,18,0.672615356,0.332461826238484,0.52780296535144,7.85046229341888e-17,23.1793468950174,7.66797283780089,"Rat #15"
"552",15,18,21,0.6015536988,0.0907010448639817,0.538292881822135,5.55111512312578e-17,20.2628820514475,6.70317545570975,"Rat #15"
"553",15,18,24,0.6051773014,0.0885472595000976,0.541042174387508,5.55111512312578e-17,17.8205766188885,5.89523501617556,"Rat #15"
"554",15,18,27,0.8805668218,0.608407477800678,0.538454855997909,1.11022302462516e-16,15.7647616172721,5.21514969438736,"Rat #15"
"555",15,18,30,0.5872969578,0.104090308596837,0.532234274719344,5.55111512312578e-17,14.0243731388547,4.63941079888833,"Rat #15"
"556",15,18,33,0.584839647,0.14659313066924,0.523586269966325,5.55111512312578e-17,12.5422711032842,4.14911578742505,"Rat #15"
"557",15,18,36,0.48016597725,0.0639362316035531,0.513364586272643,9.06493303673679e-17,12.7804609274869,1.83973429161713,"Rat #15"
"558",15,18,39,0.335421314,0.267133307406336,0.502173707394412,6.40987562127855e-17,11.5401771302795,1.66119670631361,"Rat #15"
"559",15,18,42,0.55584179375,0.145558225276246,0.490441247300406,8.47946841437934e-17,10.4655199375571,1.50650090149077,"Rat #15"
"560",15,18,45,0.27897789,0.129877910432623,0.478468902351238,1.17756934401283e-16,9.99663305575396,1.2298483409417,"Rat #15"
"561",15,18,48,0.8545445075,0.0701175053318004,0.466468401585414,5.55111512312578e-17,9.66687735643873,0.917100891088244,"Rat #15"
